{
    "name"       : "calendar",
    "displayName": "Calendar",
    "description": "Provides an interactive visual representation of a range of dates in one or more month grids",
    "author"     : "allenrabinovich",

    "tags": ["beta", "widget", "calendar"],
    "use" : ["calendar"],

    "examples": [
        {
            "name"       : "calendar-simple",
            "displayName": "Simple Calendar with Selection",
            "description": "How to create a single-pane calendar with selectable dates",
            "modules"    : ["calendar", "datatype-date"],
            "tags"       : ["calendar"],

            "hideTableOfContents": true
        },
        {
            "name"       : "calendar-multipane",
            "displayName": "Two-Pane Calendar with Custom Rendering and Multiple Selection",
            "description": "How to create a multi-pane calendar with custom-rendered cells and multiple date selection.",
            "modules"    : ["calendar"],
            "tags"       : ["calendar"],

            "hideTableOfContents": true
        }
    ]
}
